Component,testmetric,unit,ptopo,ltopo,baseline,,"Values for different builds",,,,,,,,,,,,,,
,,,,,,,8653001,8589202,8580109,8552660,8533417,8514857,8488558,8476565,8470437,8400471,8353808,8349347,8341416,8319863,7395507
ESX-DP,test_udp_stream_vm1_m1024_FPS,FPS,hv-hv,LS.overlay,572356,,571308,570499,580431,602468,572832,569951,586754,591279,605781,588456,277670,272176,594938,569436,572356
ESX-DP,test_udp_stream_vm1_m256_FPS,FPS,hv-hv,LS.overlay,591216,,582369,579141,562296,676345,583296,585942,564447,578022,678904,576239,291127,284495,687644,559139,591216
ESX-DP,test_udp_stream_vm1_m64_FPS,FPS,hv-hv,LS.overlay,642024,,636020,636279,631591,712300,638416,636750,634203,636270,720612,631576,286120,293832,724888,642295,642024
ESX-DP,test_udp_stream_vm8_m1024_FPS,FPS,hv-hv,LS.overlay,1077288,,1074696,1076942,1078773,1053335,1074151,1076216,1079220,1070379,1044017,1076874,1052438,1064856,1056749,1069718,1077288
ESX-DP,test_udp_stream_vm8_m256_FPS,FPS,hv-hv,LS.overlay,2987814,,2952295,2962062,3093654,1911423,3159689,2919719,2988283,2993097,2086102,3131732,1984834,2198104,2168114,3047709,2987814
ESX-DP,test_udp_stream_vm8_m64_FPS,FPS,hv-hv,LS.overlay,4006951,,3762846,4011132,3874152,2186021,4139647,4075833,3997720,3950484,2325523,4000598,2265801,2264923,2477767,3745548,4006951
ESX-DP,test_tcp_crr_vm1_s4_tps,tps,hv-hv,LS.overlay,12098.78,,12428,12260,12319,12773,12519,12516,12396,12440,12726,12421,10118,9865,11774,12037,12099
ESX-DP,test_tcp_crr_vm1_s64_tps,tps,hv-hv,LS.overlay,38797.67,,39868,39432,39413,40400,39723,39731,39960,40163,40245,40030,24100,22874,37297,36993,38798
ESX-DP,test_tcp_crr_vm8_s4_tps,tps,hv-hv,LS.overlay,59665.72,,58715,58422,57001,55466,58913,58060,58436,59238,54478,58750,44851,48339,52089,55829,59666
ESX-DP,test_tcp_crr_vm8_s64_tps,tps,hv-hv,LS.overlay,146996.04,,145785,145659,145254,132636,144766,144274,144683,144878,130562,144593,103720,106614,129235,139433,146996
ESX-DP,test_tcp_stream_vm1_m16k_mbps,mbps,hv-hv,LS.overlay,8591.67,,8595,8617,8683,8525,8812,8088,8304,8531,8468,8855,8296,8858,8280,8572,8592
ESX-DP,test_tcp_stream_vm1_m16k_NCpu_Host0,NCpu,hv-hv,LS.overlay,18.51,,15.94,16.4,19.87,18.78,20.31,16.82,17.81,19.52,22.79,21.66,24.55,20.56,22.46,19.22,18.51
ESX-DP,test_tcp_stream_vm1_m16k_NCpu_Host1,NCpu,hv-hv,LS.overlay,29.68,,26.99,27.04,31.54,28.86,30.92,31.65,30.46,30.41,31.29,32.49,32.4,31.98,30.07,28.02,29.68
ESX-DP,test_tcp_stream_vm1_m64_mbps,mbps,hv-hv,LS.overlay,111.22,,107.45,112.64,112.05,118.15,113.64,110.03,112.73,112.2,120.78,113.95,92.06,89.21,112.13,102.55,111.22
ESX-DP,test_tcp_stream_vm1_m64_NCpu_Host0,NCpu,hv-hv,LS.overlay,2222.03,,2219,2184,2199,2540,2230,2243,2231,2175,2470,2203,3309,2971,2754,2306,2222
ESX-DP,test_tcp_stream_vm1_m64_NCpu_Host1,NCpu,hv-hv,LS.overlay,1852.81,,1899,1843,1846,2201,1841,1884,1842,1837,2101,1833,3041,2529,2374,2028,1853
ESX-DP,test_tcp_stream_vm8_m16k_mbps,mbps,hv-hv,LS.overlay,9050.71,,9051,9050,9050,9049,9051,9051,9050,9051,9049,9051,9054,9053,9051,9050,9051
ESX-DP,test_tcp_stream_vm8_m16k_NCpu_Host0,NCpu,hv-hv,LS.overlay,41.32,,40.11,41.32,43.31,41.55,41.21,44.96,40.44,40.22,40.77,42.75,42.74,41.09,41.1,43.21,41.32
ESX-DP,test_tcp_stream_vm8_m16k_NCpu_Host1,NCpu,hv-hv,LS.overlay,80.85,,80.11,84.63,91.03,75.58,82.21,91.91,78.79,79.78,73.7,83.19,80.52,80.31,75.8,90.28,80.85
ESX-DP,test_tcp_stream_vm8_m64_mbps,mbps,hv-hv,LS.overlay,564.46,,565.77,567.38,569.17,511.02,561.09,570.24,519.45,566.43,500.42,567.44,413.24,448.71,491.85,543.22,564.46
ESX-DP,test_tcp_stream_vm8_m64_NCpu_Host0,NCpu,hv-hv,LS.overlay,2223.36,,2225,2222,2288,2543,2262,2252,2287,2264,2536,2249,3469,3111,2762,2395,2223
ESX-DP,test_tcp_stream_vm8_m64_NCpu_Host1,NCpu,hv-hv,LS.overlay,1910.86,,1912,1900,1941,2159,1943,1966,1951,1976,2065,1930,2967,2562,2338,2123,1911
ESX-DP,test_tcp_rr_vm1_tps,tps,hv-hv,LS.overlay,39962.19,,40863,40641,40713,40978,40502,40193,40052,40919,41258,40034,33876,29582,39860,36467,39962
ESX-DP,test_tcp_rr_vm8_tps,tps,hv-hv,LS.overlay,187569.9,,191369,174541,186735,173893,186720,187239,180442,184498,177755,185887,153597,161289,168726,176103,187570
ESX-DP,test_udp_stream_vm1_m1024_FPS,FPS,hv-hv,LS-T1.overlay,555785,,552001,561296,565023,595765,564093,549425,549609,552328,596273,567600,270617,269499,556426,530260,555785
ESX-DP,test_udp_stream_vm1_m256_FPS,FPS,hv-hv,LS-T1.overlay,564177,,564560,546682,547371,705134,548888,559560,563499,560139,709481,554129,283121,290834,687668,561405,564177
ESX-DP,test_udp_stream_vm1_m64_FPS,FPS,hv-hv,LS-T1.overlay,612391,,609599,604802,605453,715156,610152,609571,610603,609622,710544,606299,288343,288699,697287,591314,612391
ESX-DP,test_udp_stream_vm8_m1024_FPS,FPS,hv-hv,LS-T1.overlay,1062566,,1078923,1080032,1079030,1061127,1075321,1075512,1075743,1064519,1055527,1077928,1056246,1066765,1059927,1075724,1062566
ESX-DP,test_udp_stream_vm8_m256_FPS,FPS,hv-hv,LS-T1.overlay,3006593,,2941738,3028998,3038993,2022485,3048691,3071270,3101325,3049238,2057375,3072351,2001332,2241923,2162910,2995439,3006593
ESX-DP,test_udp_stream_vm8_m64_FPS,FPS,hv-hv,LS-T1.overlay,3638361,,3894785,3598913,3708250,2304013,3806221,3676998,3791026,3948725,2259558,3803563,2247021,2276572,2448778,3450239,3638361
ESX-DP,test_tcp_crr_vm1_s4_tps,tps,hv-hv,LS-T1.overlay,12450.79,,12290,12400,12453,12770,12522,12425,12290,12402,12840,12380,9802,9728,11777,11726,12451
ESX-DP,test_tcp_crr_vm1_s64_tps,tps,hv-hv,LS-T1.overlay,40225.95,,40202,40201,40184,40311,40249,39618,40493,40430,40165,39824,23979,23821,36984,38398,40226
ESX-DP,test_tcp_crr_vm8_s4_tps,tps,hv-hv,LS-T1.overlay,59410.44,,58579,58896,57866,54280,58150,59513,59024,58763,54298,58798,44722,48037,51523,56021,59410
ESX-DP,test_tcp_crr_vm8_s64_tps,tps,hv-hv,LS-T1.overlay,147032.89,,145078,144145,145522,130937,144424,145435,145407,145319,133201,144950,101917,106832,128668,137240,147033
ESX-DP,test_tcp_stream_vm1_m16k_mbps,mbps,hv-hv,LS-T1.overlay,8874.43,,8557,8385,8995,9006,8522,8651,8625,8516,8625,9021,8954,9039,7131,8397,8874
ESX-DP,test_tcp_stream_vm1_m16k_NCpu_Host0,NCpu,hv-hv,LS-T1.overlay,19.3,,17.48,19.8,21.88,24.21,16.98,18.09,16.77,16.45,22.6,23.1,25.91,23.79,23.41,19.7,19.3
ESX-DP,test_tcp_stream_vm1_m16k_NCpu_Host1,NCpu,hv-hv,LS-T1.overlay,32.65,,27.11,30.41,32.02,35.98,27.03,31.17,31.51,28.06,31.62,31.94,36.58,33.3,33.23,27.53,32.65
ESX-DP,test_tcp_stream_vm1_m64_mbps,mbps,hv-hv,LS-T1.overlay,113.85,,108.72,111.87,110.91,116.18,111.68,114.49,111.65,111.35,116.63,114.81,88.66,86.2,105.69,106.33,113.85
ESX-DP,test_tcp_stream_vm1_m64_NCpu_Host0,NCpu,hv-hv,LS-T1.overlay,2196.94,,2208,2215,2227,2594,2229,2215,2250,2227,2555,2212,3402,3121,2753,2336,2197
ESX-DP,test_tcp_stream_vm1_m64_NCpu_Host1,NCpu,hv-hv,LS-T1.overlay,1906.02,,1849,1872,1857,2214,1825,1825,1885,1859,2247,1860,3147,2575,2545,1939,1906
ESX-DP,test_tcp_stream_vm8_m16k_mbps,mbps,hv-hv,LS-T1.overlay,9050.5,,9050,9051,9051,9049,9051,9051,9050,9050,9049,9050,9051,9054,9050,9050,9051
ESX-DP,test_tcp_stream_vm8_m16k_NCpu_Host0,NCpu,hv-hv,LS-T1.overlay,44.09,,47.18,40.21,39.88,40.55,43.86,39.67,39.78,41.54,41.76,41.65,42.87,42.86,41.77,42.43,44.09
ESX-DP,test_tcp_stream_vm8_m16k_NCpu_Host1,NCpu,hv-hv,LS-T1.overlay,89.17,,90.39,78.65,78.78,72.17,88.06,78,78.9,81.76,73.71,85.63,77.12,82.07,77.24,86.19,89.17
ESX-DP,test_tcp_stream_vm8_m64_mbps,mbps,hv-hv,LS-T1.overlay,562.07,,543.32,561.58,560.96,510.91,563.08,568.95,565.7,565.73,503.35,549.2,409.5,445.65,491.89,529.07,562.07
ESX-DP,test_tcp_stream_vm8_m64_NCpu_Host0,NCpu,hv-hv,LS-T1.overlay,2244.16,,2219,2268,2271,2588,2330,2261,2265,2237,2556,2262,3508,3157,2812,2408,2244
ESX-DP,test_tcp_stream_vm8_m64_NCpu_Host1,NCpu,hv-hv,LS-T1.overlay,1865.01,,1874,1975,1858,2112,1950,1954,1888,1951,2122,1842,2975,2651,2414,2012,1865
ESX-DP,test_tcp_rr_vm1_tps,tps,hv-hv,LS-T1.overlay,40436.96,,40452,40180,40858,41018,40143,40777,40731,40475,41130,40789,33535,29817,40369,37550,40437
ESX-DP,test_tcp_rr_vm8_tps,tps,hv-hv,LS-T1.overlay,186383.71,,179738,184341,186153,175912,187555,186886,185000,187660,175329,183131,153353,161136,167492,175732,186384
ESX-DP,test_udp_stream_vm1_m1024_FPS,FPS,hv-hv,T1-T0.overlay,543495,,555612,541429,552808,570432,547318,553417,541070,541633,579491,543052,281260,271737,549325,520793,543495
ESX-DP,test_udp_stream_vm1_m256_FPS,FPS,hv-hv,T1-T0.overlay,547700,,544774,545621,538322,677045,539944,537301,549329,548439,692935,547894,285636,288156,683390,550491,547700
ESX-DP,test_udp_stream_vm1_m64_FPS,FPS,hv-hv,T1-T0.overlay,596192,,599957,595707,590514,691754,596770,593422,597158,596569,677077,596884,286458,299715,686353,576759,596192
ESX-DP,test_udp_stream_vm8_m1024_FPS,FPS,hv-hv,T1-T0.overlay,1065507,,1078250,1078368,1081022,1057862,1054957,1074499,1081192,1080575,1042532,1081520,1065941,1066541,1058566,1077681,1065507
ESX-DP,test_udp_stream_vm8_m256_FPS,FPS,hv-hv,T1-T0.overlay,3055218,,3107642,3068339,2966892,2037756,3065498,3040979,2974423,3003338,1842544,3038297,2020269,2140811,2167236,3064829,3055218
ESX-DP,test_udp_stream_vm8_m64_FPS,FPS,hv-hv,T1-T0.overlay,3757269,,3756613,3708417,3657249,2294478,3653182,3679332,3925547,3716342,2176091,3785582,2288739,2242339,2433859,3417400,3757269
ESX-DP,test_tcp_crr_vm1_s4_tps,tps,hv-hv,T1-T0.overlay,12463.1,,12426,12364,12388,12710,12510,12311,12257,12416,12698,12366,9634,9640,11823,11995,12463
ESX-DP,test_tcp_crr_vm1_s64_tps,tps,hv-hv,T1-T0.overlay,40342.07,,40251,40333,40007,40249,39896,39433,40072,40091,39980,40204,23637,22768,37458,38477,40342
ESX-DP,test_tcp_crr_vm8_s4_tps,tps,hv-hv,T1-T0.overlay,59768.11,,58936,57805,59138,54320,58897,58770,58696,57007,54240,58649,44458,48107,51395,55793,59768
ESX-DP,test_tcp_crr_vm8_s64_tps,tps,hv-hv,T1-T0.overlay,146593.54,,144565,144577,144396,131406,144491,145034,144572,145121,130675,145421,102133,105932,127138,138024,146594
ESX-DP,test_tcp_stream_vm1_m16k_mbps,mbps,hv-hv,T1-T0.overlay,8784.52,,8362,9038,7921,8613,8618,8383,7176,8966,8754,8391,8542,8474,8522,9001,8785
ESX-DP,test_tcp_stream_vm1_m16k_NCpu_Host0,NCpu,hv-hv,T1-T0.overlay,18.89,,19.73,22.33,19.9,22.36,19.36,19.09,19.91,20.33,21.1,20.02,24.05,23.3,23.47,20.67,18.89
ESX-DP,test_tcp_stream_vm1_m16k_NCpu_Host1,NCpu,hv-hv,T1-T0.overlay,30.62,,30.02,30.73,33.04,30.5,29.46,30.42,32.61,30.49,36.61,30.87,29.97,31.04,28.28,30.62,30.62
ESX-DP,test_tcp_stream_vm1_m64_mbps,mbps,hv-hv,T1-T0.overlay,110.62,,112.12,108.26,112.85,116.36,112.17,114.23,108.25,113.17,117.58,113.41,91.67,86.33,110.8,106.37,110.62
ESX-DP,test_tcp_stream_vm1_m64_NCpu_Host0,NCpu,hv-hv,T1-T0.overlay,2244.53,,2195,2217,2209,2560,2222,2232,2221,2221,2560,2236,3384,3135,2798,2407,2245
ESX-DP,test_tcp_stream_vm1_m64_NCpu_Host1,NCpu,hv-hv,T1-T0.overlay,1861.31,,1855,1817,1861,2288,1801,1807,1907,1827,2278,1844,3149,2432,2374,1946,1861
ESX-DP,test_tcp_stream_vm8_m16k_mbps,mbps,hv-hv,T1-T0.overlay,9050.85,,9051,9053,9051,9049,9051,9050,9051,9051,9049,9050,9052,9054,9052,9050,9051
ESX-DP,test_tcp_stream_vm8_m16k_NCpu_Host0,NCpu,hv-hv,T1-T0.overlay,39.67,,44.86,39.98,39.32,41.44,41.54,44.42,39,40.66,41,41.99,45.64,41.86,42.97,43.21,39.67
ESX-DP,test_tcp_stream_vm8_m16k_NCpu_Host1,NCpu,hv-hv,T1-T0.overlay,81.55,,89.5,81.73,78.31,73.82,79.99,88.29,78.66,79.12,74.15,80.88,77.73,86.15,78.53,87.18,81.55
ESX-DP,test_tcp_stream_vm8_m64_mbps,mbps,hv-hv,T1-T0.overlay,547.62,,542.64,555.42,557.56,500.61,520.53,554.27,553.43,542.04,486.2,555.52,410.18,443.82,482.46,532.07,547.62
ESX-DP,test_tcp_stream_vm8_m64_NCpu_Host0,NCpu,hv-hv,T1-T0.overlay,2273.27,,2266,2245,2293,2603,2271,2312,2270,2267,2585,2276,3513,3166,2860,2457,2273
ESX-DP,test_tcp_stream_vm8_m64_NCpu_Host1,NCpu,hv-hv,T1-T0.overlay,1937.47,,1870,1943,1951,2179,1896,1961,1892,1865,2134,1891,2951,2655,2390,2082,1937
ESX-DP,test_tcp_rr_vm1_tps,tps,hv-hv,T1-T0.overlay,40050.18,,40419,39913,40228,41260,40839,40768,40071,40927,41337,40632,33564,29646,38972,36652,40050
ESX-DP,test_tcp_rr_vm8_tps,tps,hv-hv,T1-T0.overlay,187657.97,,186784,186021,186652,175741,185575,185226,186459,182343,177638,186591,152988,157851,167450,176412,187658
ESX-DP,test_udp_stream_vm1_m1024_FPS,FPS,hv-hv,LS.overlay.teaming,595289,,589724,586325,586190,624187,571889,569111,569368,590493,597559,573537,265691,270630,618874,548553,595289
ESX-DP,test_udp_stream_vm1_m256_FPS,FPS,hv-hv,LS.overlay.teaming,579044,,576529,575412,567240,735572,570674,586278,585406,575080,670595,584943,284451,282812,734060,586220,579044
ESX-DP,test_udp_stream_vm1_m64_FPS,FPS,hv-hv,LS.overlay.teaming,641219,,634256,630186,625429,736588,631361,636543,639365,631405,709798,635589,288663,285701,720023,612397,641219
ESX-DP,test_udp_stream_vm8_m1024_FPS,FPS,hv-hv,LS.overlay.teaming,2078162,,2116623,2065901,2091761,2140771,2096191,2088983,2064063,2126478,2109744,2119187,2088454,2108766,2128126,2111551,2078162
ESX-DP,test_udp_stream_vm8_m256_FPS,FPS,hv-hv,LS.overlay.teaming,4220156,,4170041,3800358,3710741,3549633,3817094,4279887,4186132,4193842,3702554,4213539,2275270,2266604,3582647,4104117,4220156
ESX-DP,test_udp_stream_vm8_m64_FPS,FPS,hv-hv,LS.overlay.teaming,4481300,,4444450,4528342,4466523,3946221,4529950,4518778,4543739,4597016,4004783,4495435,2300407,2287120,4000557,4218970,4481300
ESX-DP,test_tcp_crr_vm1_s4_tps,tps,hv-hv,LS.overlay.teaming,12472.46,,12390,12469,12303,12822,12501,12321,12305,12501,12769,12347,10075,9778,11608,11732,12472
ESX-DP,test_tcp_crr_vm1_s64_tps,tps,hv-hv,LS.overlay.teaming,40335.45,,40285,40274,39576,40220,40364,40053,40186,40366,40806,39951,23997,22913,38354,38425,40335
ESX-DP,test_tcp_crr_vm8_s4_tps,tps,hv-hv,LS.overlay.teaming,60786.08,,59827,59952,60486,56502,59912,59521,59728,60235,56481,59096,46041,48111,52795,55581,60786
ESX-DP,test_tcp_crr_vm8_s64_tps,tps,hv-hv,LS.overlay.teaming,148428.85,,146366,145874,146599,136966,146438,146442,146109,146743,137103,146512,103843,105916,131855,138297,148429
ESX-DP,test_tcp_stream_vm1_m16k_mbps,mbps,hv-hv,LS.overlay.teaming,8694.88,,8979,9047,8549,8551,8300,8559,8410,8996,8582,8967,9020,8352,8393,8379,8695
ESX-DP,test_tcp_stream_vm1_m16k_NCpu_Host0,NCpu,hv-hv,LS.overlay.teaming,17.28,,22.44,23.1,16.76,19.41,17.8,16.71,19.18,21.66,17.95,23.08,25.83,21.91,22.36,19.44,17.28
ESX-DP,test_tcp_stream_vm1_m16k_NCpu_Host1,NCpu,hv-hv,LS.overlay.teaming,28.87,,31.32,31.06,27.08,29.49,31.14,28.98,29.84,30.01,28.87,31.28,35.47,30.61,29.23,27.57,28.87
ESX-DP,test_tcp_stream_vm1_m64_mbps,mbps,hv-hv,LS.overlay.teaming,113.34,,110.55,114.13,112.96,118.78,108.29,108.56,110.33,114.27,117.36,110.81,90.17,85.87,112.77,103.9,113.34
ESX-DP,test_tcp_stream_vm1_m64_NCpu_Host0,NCpu,hv-hv,LS.overlay.teaming,2265.23,,2207,2208,2187,2526,2124,2248,2236,2202,2479,2220,3491,3063,2625,2338,2265
ESX-DP,test_tcp_stream_vm1_m64_NCpu_Host1,NCpu,hv-hv,LS.overlay.teaming,1894.66,,1842,1875,1883,2208,1838,1806,1870,1802,2249,1859,3078,2446,2321,2016,1895
ESX-DP,test_tcp_stream_vm8_m16k_mbps,mbps,hv-hv,LS.overlay.teaming,17941.87,,17896,17998,17896,17938,17928,18033,17874,18015,17831,17971,18020,17974,17950,17940,17942
ESX-DP,test_tcp_stream_vm8_m16k_NCpu_Host0,NCpu,hv-hv,LS.overlay.teaming,37.89,,33.86,33.52,33.15,40.06,37.32,34.4,36.76,32.67,39.26,36.66,44.23,37.61,37.51,35.67,37.89
ESX-DP,test_tcp_stream_vm8_m16k_NCpu_Host1,NCpu,hv-hv,LS.overlay.teaming,72.72,,67,68.7,65.35,79.94,73.41,68.79,71.4,65.28,79.13,74.55,84.94,73.94,78.8,70.04,72.72
ESX-DP,test_tcp_stream_vm8_m64_mbps,mbps,hv-hv,LS.overlay.teaming,561.09,,572.54,575.96,578.55,537.88,563.28,564.47,566.1,573.48,540.18,560.09,418.55,448.24,506.13,527.59,561.09
ESX-DP,test_tcp_stream_vm8_m64_NCpu_Host0,NCpu,hv-hv,LS.overlay.teaming,2268.18,,2248,2229,2250,2611,2319,2319,2305,2232,2605,2421,3553,3117,2782,2450,2268
ESX-DP,test_tcp_stream_vm8_m64_NCpu_Host1,NCpu,hv-hv,LS.overlay.teaming,1951.56,,2033,1958,1945,2279,1996,2006,1985,2008,2289,2005,3070,2644,2450,2153,1952
ESX-DP,test_tcp_rr_vm1_tps,tps,hv-hv,LS.overlay.teaming,40395.83,,40937,40670,40875,41292,40742,40499,39580,40121,41329,40795,32934,29555,40917,35450,40396
ESX-DP,test_tcp_rr_vm8_tps,tps,hv-hv,LS.overlay.teaming,190832.25,,189386,188352,191470,181064,190993,189092,191404,193149,181316,187801,153757,163130,169060,177320,190832
ESX-DP,test_udp_stream_vm1_m1024_FPS,FPS,hv-hv,LS-T1.overlay.teaming,552943,,550402,563997,562594,594571,568312,547994,548484,563921,595335,550963,269699,279762,583398,526793,552943
ESX-DP,test_udp_stream_vm1_m256_FPS,FPS,hv-hv,LS-T1.overlay.teaming,565184,,559877,549978,545824,669281,551585,566614,553621,551366,669874,562085,278663,292397,680754,558364,565184
ESX-DP,test_udp_stream_vm1_m64_FPS,FPS,hv-hv,LS-T1.overlay.teaming,612750,,608746,606823,607321,695876,610114,607512,610674,606503,694926,608798,279558,295317,685688,589457,612750
ESX-DP,test_udp_stream_vm8_m1024_FPS,FPS,hv-hv,LS-T1.overlay.teaming,2119687,,2069649,2064838,2078927,2084499,2080592,2112607,1985961,2094660,2124211,2100338,2095181,2100056,2143452,2138991,2119687
ESX-DP,test_udp_stream_vm8_m256_FPS,FPS,hv-hv,LS-T1.overlay.teaming,4019258,,4044439,4077552,4042969,3454567,4133200,4100860,4091968,4058569,3445197,4115287,2251745,2266023,3524526,3952071,4019258
ESX-DP,test_udp_stream_vm8_m64_FPS,FPS,hv-hv,LS-T1.overlay.teaming,4190887,,4329432,4179908,4220000,3689705,4309508,3821058,4309123,4320745,3666752,4288051,2302420,2283967,3748554,4114980,4190887
ESX-DP,test_tcp_crr_vm1_s4_tps,tps,hv-hv,LS-T1.overlay.teaming,12395.07,,12234,12356,12264,12810,12563,12287,12196,12458,12816,12287,9853,9980,11623,11670,12395
ESX-DP,test_tcp_crr_vm1_s64_tps,tps,hv-hv,LS-T1.overlay.teaming,40299.39,,39925,40213,39956,40385,40358,40058,40304,40356,40193,40346,22977,23562,37442,37335,40299
ESX-DP,test_tcp_crr_vm8_s4_tps,tps,hv-hv,LS-T1.overlay.teaming,60082.17,,59864,60115,59779,56702,59447,60037,59015,60264,56353,59765,45310,48112,52790,55745,60082
ESX-DP,test_tcp_crr_vm8_s64_tps,tps,hv-hv,LS-T1.overlay.teaming,146846.15,,146144,146152,146227,135505,145695,145468,145840,146338,135618,146188,102223,105742,131408,137461,146846
ESX-DP,test_tcp_stream_vm1_m16k_mbps,mbps,hv-hv,LS-T1.overlay.teaming,8716.89,,8554,8508,8532,9040,9012,8480,8547,8986,8948,9037,8992,8422,8447,8355,8717
ESX-DP,test_tcp_stream_vm1_m16k_NCpu_Host0,NCpu,hv-hv,LS-T1.overlay.teaming,17.05,,16.72,17.86,16.76,22.99,21.73,16.78,16.6,21.88,23.58,21.91,27.75,23.4,23.68,19.63,17.05
ESX-DP,test_tcp_stream_vm1_m16k_NCpu_Host1,NCpu,hv-hv,LS-T1.overlay.teaming,28.25,,26.54,28.04,27.98,35.48,30.18,28.28,28.06,31.61,34.48,30.68,36.7,33.15,29.87,27.07,28.25
ESX-DP,test_tcp_stream_vm1_m64_mbps,mbps,hv-hv,LS-T1.overlay.teaming,111.92,,110.02,111.01,105.95,116.3,111.92,111.57,112.48,108.94,120.52,112.51,91.49,88.11,105.92,107.99,111.92
ESX-DP,test_tcp_stream_vm1_m64_NCpu_Host0,NCpu,hv-hv,LS-T1.overlay.teaming,2220.86,,2227,2178,2151,2600,2254,2196,2252,2240,2557,2266,3454,2940,2807,2323,2221
ESX-DP,test_tcp_stream_vm1_m64_NCpu_Host1,NCpu,hv-hv,LS-T1.overlay.teaming,1901.95,,1870,1802,1831,2287,1850,1793,1826,1856,2233,1902,3028,2463,2304,2036,1902
ESX-DP,test_tcp_stream_vm8_m16k_mbps,mbps,hv-hv,LS-T1.overlay.teaming,17950.16,,17853,17879,17933,17945,17905,17874,17950,17856,17920,17958,18035,17946,18016,17834,17950
ESX-DP,test_tcp_stream_vm8_m16k_NCpu_Host0,NCpu,hv-hv,LS-T1.overlay.teaming,32.23,,36.75,31.86,34.13,41,33.81,30.49,35.6,34.37,39.96,34.25,42.94,39.62,35.96,35.16,32.23
ESX-DP,test_tcp_stream_vm8_m16k_NCpu_Host1,NCpu,hv-hv,LS-T1.overlay.teaming,63.34,,71.11,63.72,69.87,78.69,67.26,62.62,69.36,68.01,79.97,65.99,83.42,75.78,78.46,72.67,63.34
ESX-DP,test_tcp_stream_vm8_m64_mbps,mbps,hv-hv,LS-T1.overlay.teaming,571,,559.85,573.36,565.79,530.62,565.41,572.82,564.4,571.98,535.24,569.66,411.34,436.74,506.59,530.42,571
ESX-DP,test_tcp_stream_vm8_m64_NCpu_Host0,NCpu,hv-hv,LS-T1.overlay.teaming,2273.83,,2317,2244,2352,2623,2339,2259,2277,2255,2576,2287,3617,3279,2762,2430,2274
ESX-DP,test_tcp_stream_vm8_m64_NCpu_Host1,NCpu,hv-hv,LS-T1.overlay.teaming,1947.24,,2022,1967,1999,2292,1949,1951,2021,1939,2316,1977,3184,2801,2469,2203,1947
ESX-DP,test_tcp_rr_vm1_tps,tps,hv-hv,LS-T1.overlay.teaming,40497.99,,40274,40578,39639,41026,40595,40806,40055,40902,41222,40441,32241,29519,40588,35594,40498
ESX-DP,test_tcp_rr_vm8_tps,tps,hv-hv,LS-T1.overlay.teaming,192423.02,,191108,191372,190539,180668,188867,191551,190663,192070,180832,189380,152166,159735,168545,179234,192423
ESX-DP,test_udp_stream_vm1_m1024_FPS,FPS,hv-hv,T1-T0.overlay.teaming,540681,,555828,556254,538660,579693,555924,551760,539067,542238,577375,540270,274288,277325,540015,518945,540681
ESX-DP,test_udp_stream_vm1_m256_FPS,FPS,hv-hv,T1-T0.overlay.teaming,551102,,543484,538929,552637,688669,540817,537670,547861,547961,671649,556687,280724,286778,683592,550997,551102
ESX-DP,test_udp_stream_vm1_m64_FPS,FPS,hv-hv,T1-T0.overlay.teaming,596643,,597012,595206,597017,690329,595347,592478,597321,597766,674690,596851,282380,279527,688421,575029,596643
ESX-DP,test_udp_stream_vm8_m1024_FPS,FPS,hv-hv,T1-T0.overlay.teaming,2098972,,2072970,2095096,2129039,2110505,2099927,2115465,2095044,2087941,2089573,2060897,2050282,2087087,2111090,2100235,2098972
ESX-DP,test_udp_stream_vm8_m256_FPS,FPS,hv-hv,T1-T0.overlay.teaming,4011713,,3990940,3881236,4003015,3423811,4032740,4003978,4026089,4052515,3431818,3478446,2226770,2262547,3628995,3724782,4011713
ESX-DP,test_udp_stream_vm8_m64_FPS,FPS,hv-hv,T1-T0.overlay.teaming,4129707,,4189725,3840668,4184812,3644373,4183272,4188178,4258367,4144055,3634646,3823801,2288630,2237640,3741844,4057518,4129707
ESX-DP,test_tcp_crr_vm1_s4_tps,tps,hv-hv,T1-T0.overlay.teaming,12349.28,,12328,12290,12331,12711,12486,12342,12265,12351,12707,12263,9690,9679,11732,11837,12349
ESX-DP,test_tcp_crr_vm1_s64_tps,tps,hv-hv,T1-T0.overlay.teaming,40087.23,,40377,40337,40566,40184,40291,39645,40516,40256,40312,40139,21356,22578,38294,38747,40087
ESX-DP,test_tcp_crr_vm8_s4_tps,tps,hv-hv,T1-T0.overlay.teaming,60567.75,,59180,58497,59511,56798,59539,60005,60176,59449,56197,59075,45303,48139,52903,55515,60568
ESX-DP,test_tcp_crr_vm8_s64_tps,tps,hv-hv,T1-T0.overlay.teaming,146712.25,,145662,144908,145723,135695,145429,145509,145753,145081,136010,145818,102921,106387,132098,138080,146712
ESX-DP,test_tcp_stream_vm1_m16k_mbps,mbps,hv-hv,T1-T0.overlay.teaming,8646.62,,8565,8519,8775,8624,8590,9028,8596,8559,8638,8969,8965,9044,9017,8444,8647
ESX-DP,test_tcp_stream_vm1_m16k_NCpu_Host0,NCpu,hv-hv,T1-T0.overlay.teaming,17.87,,16.93,17.32,19.26,18.09,20.94,22.49,16.49,16.48,18.21,21.07,27.55,22.11,25.51,20.13,17.87
ESX-DP,test_tcp_stream_vm1_m16k_NCpu_Host1,NCpu,hv-hv,T1-T0.overlay.teaming,27.76,,28,27.82,30.42,28.41,31.8,30.13,27.78,27.31,28.94,31.44,37.69,31.62,33.6,28.19,27.76
ESX-DP,test_tcp_stream_vm1_m64_mbps,mbps,hv-hv,T1-T0.overlay.teaming,112.72,,112.64,107.39,111.18,117.42,112.08,113.2,111.34,113.09,116.68,112.52,91.59,86.48,110.76,106.69,112.72
ESX-DP,test_tcp_stream_vm1_m64_NCpu_Host0,NCpu,hv-hv,T1-T0.overlay.teaming,2249.52,,2206,2191,2229,2521,2248,2270,2236,2181,2593,2248,3352,3087,2781,2411,2250
ESX-DP,test_tcp_stream_vm1_m64_NCpu_Host1,NCpu,hv-hv,T1-T0.overlay.teaming,1875.45,,1852,1818,1852,2165,1879,1864,1836,1848,2249,1849,3166,2532,2521,2011,1875
ESX-DP,test_tcp_stream_vm8_m16k_mbps,mbps,hv-hv,T1-T0.overlay.teaming,17956.69,,17920,17845,17874,18049,18002,17942,17824,18079,18047,17819,17990,17945,17955,18022,17957
ESX-DP,test_tcp_stream_vm8_m16k_NCpu_Host0,NCpu,hv-hv,T1-T0.overlay.teaming,34.55,,36.76,37.43,34.97,37.62,39.32,34.62,36.4,39.71,38.07,39.27,38.43,36.38,38.54,34.29,34.55
ESX-DP,test_tcp_stream_vm8_m16k_NCpu_Host1,NCpu,hv-hv,T1-T0.overlay.teaming,68.88,,73.35,73.63,68.71,79.21,76.49,68.07,70.69,76.63,77.46,79.1,81.61,71.45,79.46,71.64,68.88
ESX-DP,test_tcp_stream_vm8_m64_mbps,mbps,hv-hv,T1-T0.overlay.teaming,565.72,,554.65,559.37,563.82,532.27,552.21,568.35,560,552.95,531.24,544.34,414.97,438.44,502.14,532.72,565.72
ESX-DP,test_tcp_stream_vm8_m64_NCpu_Host0,NCpu,hv-hv,T1-T0.overlay.teaming,2319.17,,2317,2337,2265,2569,2412,2282,2262,2404,2626,2411,3571,3246,2827,2424,2319
ESX-DP,test_tcp_stream_vm8_m64_NCpu_Host1,NCpu,hv-hv,T1-T0.overlay.teaming,1985.73,,2019,2000,2009,2277,2018,1989,1968,2053,2274,2026,3092,2714,2488,2214,1986
ESX-DP,test_tcp_rr_vm1_tps,tps,hv-hv,T1-T0.overlay.teaming,40706.66,,40547,40284,40270,41278,40533,40740,40425,40298,41333,40824,32600,29167,39286,34076,40707
ESX-DP,test_tcp_rr_vm8_tps,tps,hv-hv,T1-T0.overlay.teaming,192302.62,,186827,188803,189715,180672,188648,190681,186287,191952,180711,187414,153751,162456,168087,178893,192303
